City_ID,City,Lat,Lng,Max Temp,Humidity,Cloudiness,Wind Speed,Country,Date
0,invercargill,-46.4,168.35,280.94,97,68,1.34,NZ,1699125487
1,ventspils,57.3894,21.5606,282.11,93,75,3.6,LV,1699125487
2,bethel,41.3712,-73.414,288.27,51,0,2.06,US,1699125462
3,bredasdorp,-34.5322,20.0403,288.85,86,100,2.18,ZA,1699125488
4,nuuk,64.1835,-51.7216,273.49,55,75,3.09,GL,1699125488
5,grytviken,-54.2811,-36.5092,273.69,74,7,2.51,GS,1699125488
6,waitangi,-43.9535,-176.5597,285.27,96,99,0.45,NZ,1699125488
7,mungaoli,24.4167,78.1,294.73,35,0,1.15,IN,1699125489
8,adamstown,-25.066,-130.1015,295.79,74,100,6.93,PN,1699125489
9,thompson,55.7435,-97.8558,265.24,67,75,1.03,CA,1699125233
10,anicuns,-16.4611,-49.9617,305.82,39,89,1.91,BR,1699125325
11,blackmans bay,-43.0167,147.3167,282.22,87,44,1.42,AU,1699125489
12,bilibino,68.0546,166.4372,252.17,99,52,2.18,RU,1699125490
13,ushuaia,-54.8,-68.3,279.96,87,75,4.63,AR,1699125424
14,margaret river,-33.95,115.0667,291.56,49,5,3.06,AU,1699125464
15,pangkalan brandan,4.0238,98.2782,297.22,95,100,0.81,ID,1699125490
16,papatowai,-46.5619,169.4708,280.47,80,43,2.26,NZ,1699125490
17,tofol,5.3248,163.0078,301.93,77,100,6.97,FM,1699125490
18,albany,42.6001,-73.9662,287.91,56,97,0.7,US,1699125204
19,praia da vitoria,38.7333,-27.0667,288.29,72,40,8.6,PT,1699125491
20,kisangani,0.5167,25.2,293.9,98,100,0.75,CD,1699125491
21,remire-montjoly,4.9167,-52.2667,306.17,55,0,6.17,GF,1699125491
22,san patricio,28.017,-97.5169,301.57,40,9,2.94,US,1699125492
23,galle,6.0367,80.217,298.66,89,100,2.34,LK,1699125492
24,cockburn town,21.4612,-71.1419,301.67,77,10,8.56,TC,1699125492
25,cabo san lucas,22.8909,-109.9124,304.05,61,75,2.06,MX,1699125288
26,kwang binh,17.4833,106.6,297.93,92,100,2.07,VN,1699125492
27,stanley,54.868,-1.6985,281.92,92,75,3.6,GB,1699125492
28,yellowknife,62.456,-114.3525,268.38,98,100,3.6,CA,1699125493
29,edinburgh of the seven seas,-37.0676,-12.3116,285.08,73,100,12.09,SH,1699125493
30,port mathurin,-19.6833,63.4167,297.7,74,100,3.12,MU,1699125493
31,ceeldheer,3.8488,47.1806,300.8,75,80,3.27,SO,1699125493
32,olonkinbyen,70.9221,-8.7187,272.87,90,99,12.39,SJ,1699125493
33,ulladulla,-35.35,150.4667,287.47,86,100,3.13,AU,1699125493
34,port shepstone,-30.7414,30.455,293.26,96,100,5.39,ZA,1699125493
35,sinabang,2.4803,96.3801,298.71,89,100,1.09,ID,1699125494
36,vorgashor,67.5833,63.95,265.64,90,10,7.07,RU,1699125494
37,borogontsy,62.6683,131.1683,253.2,95,100,3.0,RU,1699125494
38,bealanana,-14.55,48.7333,292.08,96,100,0.79,MG,1699125494
39,kruisfontein,-34.0033,24.7314,288.74,85,100,7.72,ZA,1699125494
40,bamboo flat,11.7,92.7167,300.2,89,40,1.03,IN,1699125495
41,hanceville,34.0607,-86.7675,297.32,32,0,1.82,US,1699125495
42,kintampo,8.0563,-1.7306,301.3,55,24,1.13,GH,1699125357
43,vadso,70.0744,29.7487,264.24,92,100,5.14,NO,1699125495
44,hasaki,35.7333,140.8333,294.42,75,100,1.76,JP,1699125496
45,st. john's,47.5649,-52.7093,285.36,78,75,11.83,CA,1699125363
46,porto velho,-8.7619,-63.9039,303.18,66,75,5.66,BR,1699125415
47,puerto natales,-51.7236,-72.4875,281.4,76,40,11.83,CL,1699125496
48,tual,-5.6667,132.75,300.39,82,24,6.93,ID,1699125497
49,hithadhoo,-0.6,73.0833,300.47,79,100,6.88,MV,1699125497
50,wailua homesteads,22.0669,-159.378,300.59,76,40,6.69,US,1699125497
51,port-aux-francais,-49.35,70.2167,277.46,87,100,15.04,TF,1699125497
52,codrington,-38.2667,141.9667,283.7,84,14,5.71,AU,1699125498
53,rongelap,11.1635,166.8941,301.47,76,61,9.05,MH,1699125498
54,puerto ayora,-0.7393,-90.3518,303.13,82,59,3.13,EC,1699125498
55,dogonbadan,30.3586,50.7981,293.2,49,0,3.09,IR,1699125498
56,choibalsan,48.0667,114.5,263.59,91,100,3.79,MN,1699125498
57,ataq,14.5377,46.8319,295.42,60,8,3.3,YE,1699125498
58,palmer,42.1584,-72.3287,288.36,44,100,1.24,US,1699125498
59,la'ie,21.6477,-157.9253,300.07,87,65,1.34,US,1699125499
60,taulaga,-11.0553,-171.0883,301.18,77,79,5.84,AS,1699125499
61,avarua,-21.2078,-159.775,296.18,53,75,5.14,CK,1699125499
62,iqaluit,63.7506,-68.5145,269.0,68,100,5.66,CA,1699125499
63,hershey,40.2859,-76.6503,292.11,38,75,4.12,US,1699125500
64,longyearbyen,78.2186,15.6401,264.06,67,75,4.63,SJ,1699125500
65,vernon,50.2581,-119.2691,281.27,88,100,2.06,CA,1699125229
66,ribeira grande,38.5167,-28.7,289.37,59,75,3.6,PT,1699125500
67,enewetak,11.3474,162.3373,301.59,77,86,9.52,MH,1699125500
68,aasiaat,68.7098,-52.8699,267.5,95,100,2.53,GL,1699125500
69,porto cristo,39.5395,3.333,291.66,77,4,12.48,ES,1699125501
70,tralee,52.2704,-9.7026,282.12,84,99,5.39,IE,1699125501
71,tchintabaraden,15.8969,5.7985,303.28,14,3,1.7,NE,1699125501
72,hermanus,-34.4187,19.2345,289.18,89,100,0.68,ZA,1699125463
73,talnakh,69.4865,88.3972,265.49,93,100,8.18,RU,1699125501
74,rudbar,30.15,62.6,295.96,25,18,3.86,AF,1699125502
75,kodiak,57.79,-152.4072,279.88,87,75,4.63,US,1699125502
76,tazovsky,67.4667,78.7,263.62,92,100,8.03,RU,1699125503
77,carutapera,-1.195,-46.02,303.57,59,97,4.49,BR,1699125503
78,cabedelo,-6.9811,-34.8339,302.52,71,43,5.34,BR,1699125503
79,guliston,40.4897,68.7842,287.18,24,100,0.79,UZ,1699125503
80,port alfred,-33.5906,26.891,289.92,84,100,3.94,ZA,1699125503
81,glace bay,46.1969,-59.957,286.47,72,75,7.2,CA,1699125503
82,qaqortoq,60.7167,-46.0333,271.54,73,13,2.64,GL,1699125504
83,georgetown,5.4112,100.3354,300.11,87,20,1.54,MY,1699125395
84,west island,-12.1568,96.8225,299.14,83,40,6.17,CC,1699125504
85,bodo,67.28,14.405,275.25,63,0,13.38,NO,1699125504
86,nemuro,43.3236,145.575,281.28,75,100,2.17,JP,1699125504
87,hirara,24.8,125.2833,296.3,88,20,2.06,JP,1699125504
88,malakanagiri,18.35,81.9,296.09,84,100,0.82,IN,1699125504
89,filingue,14.3521,3.3168,305.73,14,95,3.14,NE,1699125505
90,gorontalo,0.5412,123.0595,297.01,94,54,1.1,ID,1699125505
91,kolokani,13.5728,-8.0339,302.9,13,0,1.15,ML,1699125505
92,hawaiian paradise park,19.5933,-154.9731,300.88,74,75,0.0,US,1699125505
93,anadyr,64.75,177.4833,266.43,79,100,3.0,RU,1699125220
94,alta,69.9689,23.2717,263.74,79,100,2.06,NO,1699125506
95,jamestown,42.097,-79.2353,285.66,44,100,3.13,US,1699125506
96,karratha,-20.7377,116.8463,303.26,39,9,3.96,AU,1699125506
97,mairi,-11.7114,-40.1489,306.03,37,96,2.35,BR,1699125506
98,afaahiti,-17.75,-149.2833,300.08,92,96,4.94,PF,1699125506
99,valparaiso,-33.0393,-71.6273,291.48,69,75,6.69,CL,1699125440
100,whitehorse,60.7161,-135.0538,272.65,93,100,2.57,CA,1699125507
101,mahanje,-9.9333,35.3333,292.63,87,100,0.92,TZ,1699125507
102,kondoa,-4.9,35.7833,293.25,73,82,2.84,TZ,1699125507
103,roma,43.2128,-75.4557,286.46,67,100,1.54,US,1699125507
104,arraial do cabo,-22.9661,-42.0278,297.07,83,75,4.63,BR,1699125507
105,kirensk,57.7853,108.1119,261.46,52,87,2.68,RU,1699125508
106,ola,59.5833,151.2833,269.34,73,100,4.43,RU,1699125508
107,bubaque,11.2833,-15.8333,301.68,77,5,5.07,GW,1699125497
108,kavaratti,10.5669,72.642,301.28,78,85,4.13,IN,1699125508
109,constantia,44.1833,28.65,288.54,76,100,7.91,RO,1699125245
110,tsetserleg,47.475,101.4542,254.94,87,12,2.86,MN,1699125509
111,vila velha,-20.3297,-40.2925,301.12,87,20,5.66,BR,1699125272
112,tiksi,71.6872,128.8694,251.27,98,86,3.92,RU,1699125509
113,isafjordur,66.0755,-23.124,274.82,97,100,16.71,IS,1699125510
114,woodstock,43.1334,-80.7497,284.72,75,96,1.79,CA,1699125272
115,marataizes,-21.0433,-40.8244,297.48,85,100,4.15,BR,1699125510
116,wanning,18.8003,110.3967,298.25,89,52,1.8,CN,1699125510
117,warmbad,-28.45,18.7333,296.35,14,0,3.54,NA,1699125511
118,fort st. john,56.2499,-120.8529,272.09,93,100,4.63,CA,1699125445
119,pisco,-13.7,-76.2167,294.83,73,0,4.12,PE,1699125511
120,challapata,-18.9,-66.7667,291.61,27,60,2.16,BO,1699125512
121,utrik,11.2278,169.8474,301.23,75,50,8.9,MH,1699125512
122,ust-nera,64.5667,143.2,258.45,98,100,3.3,RU,1699125512
123,oranjemund,-28.55,16.4333,288.65,86,0,5.95,NA,1699125513
124,tucuma,-0.1833,-50.05,305.52,53,97,4.56,BR,1699125513
125,mata-utu,-13.2816,-176.1745,301.24,78,100,8.2,WF,1699125513
126,nueva rosita,27.95,-101.2167,297.46,47,100,3.74,MX,1699125513
127,klaksvik,62.2266,-6.589,280.66,95,100,11.51,FO,1699125513
128,petropavlovsk-kamchatsky,53.0452,158.6483,275.48,79,75,6.0,RU,1699125514
129,biaora,23.8667,76.9167,294.35,35,0,2.84,IN,1699125514
130,chonchi,-42.6128,-73.8092,285.99,98,100,2.37,CL,1699125514
131,pauini,-7.7136,-66.9764,306.8,45,100,2.5,BR,1699125514
132,fale old settlement,-9.3852,-171.2468,301.5,75,95,4.54,TK,1699125514
133,preobrazheniye,42.9019,133.9064,277.26,48,100,1.95,RU,1699125515
134,kununurra,-15.7667,128.7333,300.14,89,7,3.6,AU,1699125515
135,khandyga,62.6667,135.6,253.31,99,100,0.64,RU,1699125515
136,shushtar,32.0455,48.8567,297.99,38,0,0.2,IR,1699125515
137,geraldton,-28.7667,114.6,293.38,83,100,3.6,AU,1699125515
138,nogliki,51.8333,143.1667,267.23,72,3,9.83,RU,1699125515
139,elamanchili,17.55,82.8667,298.27,89,100,1.71,IN,1699125516
140,college,64.8569,-147.8028,267.33,65,100,5.14,US,1699125516
141,cidreira,-30.1811,-50.2056,290.46,67,92,9.36,BR,1699125516
142,ilulissat,69.2167,-51.1,269.16,50,100,5.66,GL,1699125516
143,kirakira,-10.4544,161.9205,299.56,87,98,4.9,SB,1699125516
144,lata,40.1629,-8.3327,289.71,79,28,6.48,PT,1699125516
145,portland,45.5234,-122.6762,291.82,92,100,3.58,US,1699125517
146,chernyshevskiy,63.0128,112.4714,256.46,93,100,1.72,RU,1699125517
147,tura,25.5198,90.2201,292.75,74,61,1.3,IN,1699125517
148,sittwe,20.15,92.9,298.36,79,100,2.47,MM,1699125517
149,atafu village,-8.5421,-172.5159,301.8,75,70,4.85,TK,1699125517
150,san jose del guaviare,2.5729,-72.6459,297.77,88,100,1.72,CO,1699125517
151,bereznik,62.8551,42.7072,269.02,95,100,3.47,RU,1699125518
152,solnechnyy,50.7214,136.6319,259.28,83,3,1.32,RU,1699125518
153,slawharad,53.4446,31.0014,283.2,99,100,3.07,BY,1699125518
154,zhenlai,45.8495,123.2973,269.1,25,100,2.85,CN,1699125518
155,crucecita,-28.95,-58.9833,296.56,34,0,3.1,AR,1699125518
156,howrah,22.5892,88.3103,298.15,83,40,0.0,IN,1699125518
157,nagqu,31.5,92.0,266.48,57,100,0.92,CN,1699125519
158,akureyri,65.6835,-18.0878,275.11,87,75,6.17,IS,1699125519
159,beyneu,45.3167,55.2,286.66,57,100,4.46,KZ,1699125519
160,udachny,66.4167,112.4,254.51,76,100,3.18,RU,1699125519
161,weno,7.4515,151.8468,301.69,76,80,3.13,FM,1699125519
162,sitka,57.0531,-135.33,282.09,87,75,1.54,US,1699125412
163,nahiyat ash shinafiyah,31.5874,44.6602,298.42,46,0,5.49,IQ,1699125520
164,ancud,-41.8697,-73.8203,284.1,97,100,6.38,CL,1699125475
165,mugia,43.1041,-9.2179,288.66,79,74,16.1,ES,1699125520
166,newnan,33.3807,-84.7997,295.83,41,0,0.45,US,1699125315
167,labytnangi,66.6572,66.4183,264.56,87,23,5.76,RU,1699125520
168,acapulco de juarez,16.8634,-99.8901,302.91,67,95,2.89,MX,1699125520
169,bria,6.5423,21.9863,294.66,95,100,1.09,CF,1699125520
170,barah,13.7,30.3667,304.02,18,75,4.81,SD,1699125521
171,nizhniy odes,63.6445,54.856,261.5,100,84,1.78,RU,1699125521
172,saint-pierre,-21.3393,55.4781,296.8,91,100,4.35,RE,1699125521
173,kingston,17.997,-76.7936,304.95,72,20,10.8,JM,1699125375
174,narasannapeta,18.4167,84.05,297.92,85,100,1.51,IN,1699125521
175,ed damer,17.5928,33.9592,306.17,26,55,3.85,SD,1699125521
176,horta,38.5333,-28.6333,288.95,66,75,3.6,PT,1699125522
177,port elizabeth,-33.918,25.5701,290.55,85,0,9.26,ZA,1699125522
178,vilyuchinsk,52.9306,158.4028,276.3,76,39,4.29,RU,1699125522
179,gangtok,27.3333,88.6167,282.23,78,100,2.19,IN,1699125522
180,hadibu,12.65,54.0333,299.62,79,99,3.43,YE,1699125522
181,bejaia,36.7559,5.0843,291.75,68,0,2.06,DZ,1699125522
182,poxoreo,-15.8372,-54.3892,309.52,30,45,4.12,BR,1699125522
183,dubbo,-32.25,148.6167,288.22,77,20,5.66,AU,1699125522
184,dejen,10.1667,38.1333,287.1,78,100,1.28,ET,1699125523
185,dazhou,31.2159,107.5009,288.7,91,99,1.78,CN,1699125523
186,nar'yan-mar,67.6713,53.087,268.77,95,11,4.92,RU,1699125523
187,crane,31.3974,-102.3501,297.79,25,0,2.89,US,1699125523
188,port lincoln,-34.7333,135.8667,285.6,84,18,5.95,AU,1699125523
189,fort mcmurray,56.7268,-111.381,271.92,80,100,5.14,CA,1699125523
190,iskateley,67.6803,53.1512,268.72,95,11,4.92,RU,1699125523
191,kingscliff,-28.2667,153.5667,292.44,100,100,2.57,AU,1699125524
192,hamilton,39.1834,-84.5333,293.7,42,0,5.66,US,1699125292
193,zeithain,51.3336,13.3381,284.87,74,100,1.79,DE,1699125524
194,ta`u,-14.2336,-169.5144,299.75,80,91,10.21,AS,1699125524
195,brandon,27.9378,-82.2859,301.99,51,75,5.81,US,1699125329
196,itaituba,-4.2761,-55.9836,310.25,31,85,1.31,BR,1699125524
197,mount gambier,-37.8333,140.7667,282.84,90,17,3.95,AU,1699125358
198,ocosingo,17.0667,-92.25,290.6,100,100,1.12,MX,1699125525
199,linkou,45.3,130.2833,268.4,58,82,0.97,CN,1699125525
200,wenshui,28.4506,106.5267,288.32,98,100,1.68,CN,1699125525
201,patacamaya,-17.2333,-67.9167,291.77,31,40,6.94,BO,1699125525
202,lebu,-37.6167,-73.65,287.15,75,93,4.22,CL,1699125525
203,namibe,-15.1961,12.1522,293.78,84,64,1.95,AO,1699125525
204,antsiranana,-12.2787,49.2917,298.34,82,100,5.43,MG,1699125525
205,fiambala,-27.6871,-67.6149,299.41,14,0,5.62,AR,1699125526
206,punta arenas,-53.15,-70.9167,284.21,50,40,7.72,CL,1699125526
207,zhosaly,45.4878,64.0781,282.96,57,75,4.1,KZ,1699125526
208,awjilah,29.1081,21.2869,299.74,25,96,2.97,LY,1699125526
209,xingcheng,40.6167,120.7167,284.57,74,100,2.26,CN,1699125526
210,puerto deseado,-47.7503,-65.8938,293.38,32,100,12.01,AR,1699125526
211,ponta delgada,37.7333,-25.6667,289.55,59,75,4.63,PT,1699125526
212,baharly,38.4362,57.4316,292.86,31,100,0.71,TM,1699125526
213,lensk,60.7253,114.9278,260.95,81,98,4.43,RU,1699125527
214,beberibe,-4.1797,-38.1306,301.76,67,40,4.93,BR,1699125527
215,puerto ayacucho,5.6639,-67.6236,304.05,63,74,0.72,VE,1699125527
216,kenai,60.5544,-151.2583,276.56,98,100,3.6,US,1699125527
217,abra pampa,-22.7205,-65.697,296.65,14,9,11.08,AR,1699125527
218,flying fish cove,-10.4217,105.6791,298.97,88,75,5.66,CX,1699125527
219,carnarvon,-24.8667,113.6333,293.73,87,3,4.97,AU,1699125527
220,kota belud,6.351,116.4305,298.25,87,100,1.52,MY,1699125527
221,papao,-17.75,-149.55,300.97,92,97,6.02,PF,1699125528
222,tamarin,-20.3256,57.3706,298.46,75,100,0.3,MU,1699125528
223,taroa,8.7058,171.2275,300.88,80,100,8.66,MH,1699125528
224,newman,37.3138,-121.0208,297.17,46,9,0.89,US,1699125529
225,port macquarie,-31.4333,152.9167,289.76,86,99,2.8,AU,1699125458
226,klyuchi,52.2667,79.1667,276.72,98,100,4.35,RU,1699125529
227,belyy yar,53.6039,91.3903,262.09,85,100,3.0,RU,1699125530
228,saint-philippe,-21.3585,55.7679,295.43,90,92,2.72,RE,1699125530
229,nicoya,10.1483,-85.452,299.9,88,100,1.35,CR,1699125530
230,mek'ele,13.4967,39.4753,291.15,60,100,4.44,ET,1699125530
231,alofi,-19.0595,-169.9187,299.09,69,75,5.14,NU,1699125531
232,mercedes,-34.6515,-59.4307,298.12,43,0,2.4,AR,1699125531
233,ixtepec,16.5786,-95.1022,303.01,49,61,9.88,MX,1699125532
234,mao,39.8885,4.2658,292.46,82,75,12.35,ES,1699125532
235,susuman,62.7833,148.1667,259.81,93,100,1.79,RU,1699125532
236,pionerskiy,54.9508,20.2275,282.12,82,83,6.75,RU,1699125532
237,kochubey,44.3861,46.5825,284.95,78,34,3.87,RU,1699125533
238,floro,61.5996,5.0328,283.13,62,12,4.63,NO,1699125533
239,zhangye,38.9342,100.4517,269.48,61,99,4.3,CN,1699125533
240,namdrik,5.5994,168.1028,302.16,75,100,6.26,MH,1699125533
241,uturoa,-16.7333,-151.4333,298.63,83,75,7.95,PF,1699125533
242,antigonish,45.6169,-61.9986,286.56,72,100,1.79,CA,1699125534
243,mehdia daira de meghila,35.4306,1.7571,286.62,54,0,3.44,DZ,1699125534
244,malango,-2.9627,119.9001,292.15,96,100,0.96,ID,1699125534
245,mount pearl,47.5166,-52.7813,284.9,78,75,11.83,CA,1699125534
246,helena valley southeast,46.6153,-111.9216,284.26,71,0,2.06,US,1699125534
247,clovis,36.8252,-119.7029,301.39,38,75,0.45,US,1699125268
248,pangai,-19.8,-174.35,297.19,87,30,9.09,TO,1699125535
249,batang,-6.4846,110.7083,299.74,81,52,2.24,ID,1699125535
250,badger,64.8,-147.5333,267.29,64,100,5.14,US,1699125535
251,bhanjanagar,19.9333,84.5833,296.05,90,55,0.68,IN,1699125535
252,chon daen,16.1895,100.8596,297.81,87,80,1.22,TH,1699125535
253,sumbe,-11.2061,13.8437,298.78,86,100,3.46,AO,1699125535
254,katsuura,35.1333,140.3,293.18,72,100,1.61,JP,1699125536
255,alaghsas,17.0187,8.0168,302.3,12,7,3.3,NE,1699125536
256,ariquemes,-9.9133,-63.0408,306.26,51,88,0.2,BR,1699125536
257,cole harbour,44.6724,-63.4751,288.13,70,100,5.14,CA,1699125536
258,howard springs,-12.497,131.047,299.19,87,15,2.12,AU,1699125536
259,bolgar,54.95,49.0667,275.84,77,0,3.73,RU,1699125536
260,saldanha,-33.0117,17.9442,289.18,85,100,6.6,ZA,1699125537
261,porto novo,6.4965,2.6036,302.05,84,95,2.62,BJ,1699125537
262,kill devil hills,36.0307,-75.676,290.92,86,100,5.66,US,1699125537
263,polyarnyy,69.1989,33.4478,266.66,86,100,3.58,RU,1699125537
264,taiynsha,53.8478,69.7639,272.2,84,82,2.67,KZ,1699125537
265,alice springs,-23.7,133.8833,290.9,27,80,2.06,AU,1699125537
266,tannum sands,-23.9504,151.3693,294.68,88,75,2.57,AU,1699125537
267,sao joao da barra,-21.6403,-41.0511,300.2,76,94,8.78,BR,1699125537
268,miri,4.4148,114.0089,298.23,100,20,1.03,MY,1699125538
269,prado,-17.3411,-39.2208,300.12,79,83,7.93,BR,1699125538
270,northam,51.0333,-4.2167,283.49,93,98,2.05,GB,1699125538
271,sao francisco,-15.9486,-44.8644,306.08,44,100,0.75,BR,1699125538
272,novodvinsk,64.4165,40.8122,269.7,96,97,4.57,RU,1699125538
273,lodwar,3.1191,35.5973,302.05,52,50,4.5,KE,1699125538
274,puerto baquerizo moreno,-0.9,-89.6,302.7,62,40,4.12,EC,1699125538
275,orapa,-21.2833,25.3667,297.91,45,100,3.05,BW,1699125539
276,lihue,21.9789,-159.3672,300.92,75,40,6.69,US,1699125288
277,gadzhiyevo,69.2551,33.3362,265.91,88,100,3.37,RU,1699125539
278,liuboml,51.226,24.0373,282.68,78,100,2.57,UA,1699125539
279,nadym,65.5333,72.5167,264.62,87,21,7.84,RU,1699125539
280,dudinka,69.4058,86.1778,265.72,93,100,10.28,RU,1699125539
281,pristen',51.2355,36.6959,284.25,89,100,9.14,RU,1699125539
282,sarangani,5.4033,125.4636,301.3,73,100,1.29,PH,1699125539
283,prienai,54.6333,23.95,281.3,90,100,3.11,LT,1699125540
284,viqueque,-8.8673,126.3658,296.47,88,54,1.34,TL,1699125540
285,keflavik,64.0049,-22.5624,277.39,70,75,10.29,IS,1699125540
286,luderitz,-26.6481,15.1594,289.2,82,0,4.99,NA,1699125540
287,mildura,-34.2,142.15,283.75,76,0,4.6,AU,1699125540
288,fristad,65.2,16.7167,268.27,94,100,5.69,SE,1699125540
289,quelimane,-17.8786,36.8883,298.12,69,75,2.06,MZ,1699125540
290,usogorsk,63.4106,48.6872,265.19,99,100,1.29,RU,1699125541
291,balaklava,44.5,33.6,295.12,45,100,8.95,UA,1699125541
292,verkhnevilyuysk,63.4453,120.3167,247.58,100,91,1.35,RU,1699125541
293,richmond,37.5538,-77.4603,296.04,25,20,0.0,US,1699125180
294,sompeta,18.9333,84.6,298.15,84,100,1.41,IN,1699125541
295,ad dilam,23.9915,47.1627,299.38,58,42,3.82,SA,1699125541
296,timimoun,29.2639,0.231,302.36,13,0,2.06,DZ,1699125541
297,jumla,29.2747,82.1838,278.57,70,0,1.75,NP,1699125542
298,beira,-19.8436,34.8389,296.0,70,100,4.9,MZ,1699125542
299,kitimat,54.0524,-128.6534,280.36,63,100,1.34,CA,1699125542
300,yorosso,12.3536,-4.7761,303.85,24,19,2.56,ML,1699125542
301,caleta de carquin,-11.0925,-77.6267,294.64,70,34,5.62,PE,1699125543
302,pandan,14.0453,124.1694,299.61,86,98,2.78,PH,1699125543
303,el alto,-4.2714,-81.2147,297.96,67,100,9.68,PE,1699125543
304,itoman,26.1247,127.6694,298.37,78,9,3.6,JP,1699125543
305,ingeniero guillermo n. juarez,-23.9,-61.85,302.02,17,5,1.87,AR,1699125543
306,tolanaro,-25.0319,46.9987,294.52,72,100,6.36,MG,1699125544
307,nova vicosa,-17.8919,-39.3719,301.49,73,85,8.1,BR,1699125544
308,suva,-18.1416,178.4415,298.86,89,40,0.0,FJ,1699125544
309,balikpapan,-1.2675,116.8289,297.7,100,20,0.0,ID,1699125544
310,mossendjo,-2.9506,12.7261,295.11,98,100,0.81,CG,1699125545
311,piti village,13.4626,144.6933,301.18,87,40,4.63,GU,1699125545
312,nabire,-3.3667,135.4833,297.3,87,100,1.22,ID,1699125545
313,taoudenni,22.6783,-3.9836,305.01,9,0,2.17,ML,1699125545
314,ihosy,-22.4,46.1167,289.69,86,100,5.78,MG,1699125546
315,carmo do cajuru,-20.1842,-44.7711,299.85,63,100,2.09,BR,1699125546
316,ust'-barguzin,53.45,108.9833,264.83,87,99,1.99,RU,1699125546
317,chissamba,-12.1667,17.3333,293.44,74,55,0.84,AO,1699125546
318,torghay,49.6339,63.4981,279.95,83,0,4.62,KZ,1699125547
319,saudarkrokur,65.7461,-19.6394,275.41,88,98,7.55,IS,1699125547
320,castillos,-34.1667,-53.8333,289.44,57,0,6.86,UY,1699125547
321,saipan,15.1355,145.701,300.54,83,40,4.63,MP,1699125547
322,tokmok,42.8417,75.3016,286.24,25,86,1.71,KG,1699125547
323,senillosa,-39.0,-68.4167,303.03,19,62,4.65,AR,1699125548
324,princeton,25.5384,-80.4089,301.16,68,100,5.66,US,1699125548
325,mar del plata,-38.0023,-57.5575,291.16,58,0,6.17,AR,1699125319
326,gusinoozyorsk,51.2833,106.5,264.61,74,7,0.98,RU,1699125548
327,limulunga,-15.0969,23.1376,300.47,40,81,0.59,ZM,1699125548
328,bardai,11.65,7.2333,298.98,30,100,2.69,NG,1699125549
329,lau,9.2167,11.2833,302.08,55,27,1.33,NG,1699125549
330,santiago del torno,-17.9833,-63.3833,301.25,31,92,0.58,BO,1699125549
331,kiunga,-6.1219,141.2906,295.68,100,100,0.36,PG,1699125549
332,kilindoni,-7.9139,39.6668,299.65,83,90,6.16,TZ,1699125549
333,rosetta,31.4044,30.4164,296.5,76,0,3.5,EG,1699125550
334,buka,40.8108,69.1986,287.28,24,100,1.23,UZ,1699125550
335,balod,20.73,81.2047,294.48,77,87,0.84,IN,1699125550
336,yichun,47.7,128.9,256.66,92,83,0.4,CN,1699125550
337,moapa valley,36.5805,-114.4703,297.41,9,7,0.29,US,1699125312
338,harstad,68.799,16.5293,274.35,63,100,3.7,NO,1699125551
339,kourou,5.1552,-52.6478,306.18,65,6,4.44,GF,1699125551
340,phan rang-thap cham,11.5667,108.9833,297.55,93,88,1.59,VN,1699125551
341,kavieng,-2.5744,150.7967,300.47,79,95,2.18,PG,1699125551
342,salekhard,66.53,66.6019,266.04,84,31,7.41,RU,1699125552
343,mitu,1.1983,-70.1733,297.9,92,100,1.55,CO,1699125374
344,palikir - national government center,6.9248,158.1611,297.56,94,100,1.03,FM,1699125552
345,banda aceh,5.5577,95.3222,299.37,83,100,1.06,ID,1699125552
346,al kharijah,25.4514,30.5464,299.58,24,0,2.32,EG,1699125553
347,sao jose,-28.2333,-49.1667,297.28,42,0,2.86,BR,1699125553
348,kailua-kona,19.6406,-155.9956,301.26,61,40,2.06,US,1699125553
349,sihlea,45.5,27.1167,287.38,90,100,2.48,RO,1699125553
350,port pirie,-33.1833,138.0167,285.29,47,0,2.82,AU,1699125553
351,nova sintra,14.8667,-24.7167,296.92,73,9,3.3,CV,1699125554
352,la union,-5.4,-80.75,303.37,36,16,7.09,PE,1699125554
353,swan hill,-35.3378,143.5544,281.91,87,0,3.64,AU,1699125554
354,kerema,-7.9631,145.7785,298.09,88,95,2.07,PG,1699125554
355,caala,-12.8525,15.5606,291.25,82,96,2.06,AO,1699125554
356,huarmey,-10.0681,-78.1522,295.3,70,99,5.63,PE,1699125554
357,caraballeda,10.6112,-66.8522,303.19,66,40,2.57,VE,1699125555
358,mejit,10.2753,170.8646,301.19,77,100,8.56,MH,1699125555
359,isangel,-19.55,169.2667,295.76,83,100,5.81,VU,1699125555
360,haiku-pauwela,20.9219,-156.3051,300.16,63,20,8.75,US,1699125256
361,colonia,50.9333,6.95,284.75,87,40,6.69,DE,1699125556
362,kiranur,10.5699,78.7868,299.99,96,98,2.26,IN,1699125556
363,muhos,64.808,25.9931,273.65,94,100,6.7,FI,1699125556
364,sisimiut,66.9395,-53.6735,269.45,90,100,3.98,GL,1699125556
365,east london,-33.0153,27.9116,291.24,76,32,2.25,ZA,1699125557
366,severo-yeniseyskiy,60.3725,93.0408,265.14,73,100,5.36,RU,1699125557
367,kidal,18.4411,1.4078,303.24,11,2,3.19,ML,1699125557
368,belmopan,17.25,-88.7667,298.41,97,100,1.0,BZ,1699125558
369,ketchikan,55.3422,-131.6461,282.41,93,100,0.0,US,1699125558
370,vilyuysk,63.7553,121.6247,247.3,99,41,2.17,RU,1699125558
371,osmancik,40.9782,34.8047,290.27,58,7,0.94,TR,1699125558
372,hermosillo,29.0667,-110.9667,308.1,23,0,2.57,MX,1699125313
373,lorengau,-2.0226,147.2712,299.52,82,90,1.38,PG,1699125559
374,pallasovka,50.05,46.8833,278.23,72,4,3.79,RU,1699125559
375,guapiles,10.2159,-83.7866,303.06,89,100,1.16,CR,1699125560
376,queenstown,-31.8976,26.8753,287.76,89,100,3.49,ZA,1699125315
377,letlhakane,-21.4167,25.5833,297.2,47,99,4.39,BW,1699125560
378,margate,51.3813,1.3862,283.09,88,100,2.68,GB,1699125560
379,novo cruzeiro,-17.4681,-41.8753,303.03,50,100,0.88,BR,1699125560
380,coihueco,-36.6167,-71.8333,295.56,46,0,3.09,CL,1699125561
381,balkanabat,39.5108,54.3671,292.93,38,100,2.12,TM,1699125561
382,la passe,45.5549,-0.8967,289.28,74,100,18.01,FR,1699125561
383,saint-laurent-du-maroni,5.5039,-54.0289,305.71,52,49,3.85,GF,1699125561
384,opuwo,-18.0607,13.84,298.02,25,91,6.1,NA,1699125562
385,wanxian,30.8039,108.3897,290.9,98,100,0.93,CN,1699125562
386,bandarbeyla,9.4942,50.8122,299.92,83,100,6.82,SO,1699125562
387,kapuskasing,49.4169,-82.4331,272.2,64,75,6.17,CA,1699125562
388,san juan de miraflores,-12.1629,-76.9635,293.44,73,80,4.79,PE,1699125562
389,westport,41.1415,-73.3579,288.97,57,75,3.09,US,1699125354
390,azul,-36.777,-59.8585,294.97,34,0,1.17,AR,1699125563
391,goure,13.9835,10.2704,302.44,18,8,3.73,NE,1699125563
392,benjamin constant,-4.3831,-70.0311,306.22,70,75,2.06,BR,1699125563
393,makokou,0.5738,12.8642,295.38,90,100,0.14,GA,1699125564
394,conception bay south,47.4999,-52.9981,285.23,80,95,11.01,CA,1699125564
395,veraval,20.9,70.3667,300.52,60,40,2.03,IN,1699125564
396,egilsstadir,65.2653,-14.3948,276.1,93,100,10.8,IS,1699125564
397,kuchera,26.9839,73.9719,297.46,26,14,3.76,IN,1699125564
398,baganga,7.5739,126.56,298.73,88,100,1.81,PH,1699125564
399,tiptur,13.2586,76.4783,293.23,96,100,4.53,IN,1699125565
400,vitebsk,55.1905,30.2033,282.18,98,100,3.1,BY,1699125565
401,la esperanza,14.8667,-91.5667,290.55,86,100,5.14,GT,1699125565
402,loreto,22.2667,-101.9667,296.94,22,6,5.79,MX,1699125565
403,machico,32.7,-16.7667,295.44,80,20,2.57,PT,1699125565
404,fort bragg,35.139,-79.006,297.49,37,0,1.54,US,1699125566
405,sao felix do xingu,-6.6447,-51.995,304.75,52,98,0.39,BR,1699125566
406,manokwari,-0.8667,134.0833,298.81,83,98,1.19,ID,1699125566
407,happy valley-goose bay,53.3168,-60.3315,276.32,48,40,8.23,CA,1699125566
408,pereira barreto,-20.6383,-51.1092,301.08,26,5,5.05,BR,1699125566
409,new norfolk,-42.7826,147.0587,282.87,89,90,1.01,AU,1699125567
410,zongolica,18.6667,-96.9833,295.79,66,69,2.88,MX,1699125567
411,prince rupert,54.3161,-130.3201,285.2,79,100,12.35,CA,1699125567
412,kayangel,8.0823,134.7173,301.61,76,66,3.21,PW,1699125568
413,coquimbo,-29.9533,-71.3436,291.0,59,20,5.66,CL,1699125568
414,yung shue wan,22.2333,114.1167,298.53,87,11,3.84,HK,1699125568
415,vanimo,-2.6741,141.3028,298.1,88,100,1.13,PG,1699125568
416,laguna,38.421,-121.4238,298.88,39,0,3.6,US,1699125569
417,al qadarif,14.0349,35.3834,302.68,44,88,2.32,SD,1699125569
418,reggane,26.7158,0.1714,302.86,11,0,2.44,DZ,1699125569
419,iisalmi,63.5592,27.1907,274.8,96,100,5.33,FI,1699125569
420,jogeva,58.7467,26.3939,281.42,83,92,5.59,EE,1699125569
421,olinda,-8.0089,-34.8553,301.0,74,40,5.14,BR,1699125276
422,rio grande,-32.035,-52.0986,295.21,61,89,8.43,BR,1699125570
423,guerrero negro,27.9769,-114.0611,298.65,48,0,3.97,MX,1699125337
424,kinkala,-4.3614,14.7644,296.23,91,77,1.34,CG,1699125570
425,yuzhno-kurilsk,44.0306,145.8556,281.69,81,98,3.12,RU,1699125570
426,ressano garcia,-25.442,31.9913,295.01,69,100,3.6,MZ,1699125570
427,tanout,14.9709,8.8879,302.4,15,45,4.35,NE,1699125571
428,kratie,12.4881,106.0188,296.98,93,99,0.79,KH,1699125571
429,kristiansund,63.1115,7.732,280.51,61,75,2.06,NO,1699125571
430,revda,56.801,59.9303,267.7,94,26,1.55,RU,1699125571
431,saint-francois,46.4154,3.9054,284.84,73,0,5.66,FR,1699125571
432,saint-joseph,-21.3667,55.6167,296.19,90,96,3.67,RE,1699125571
433,domna,51.8971,113.1573,253.24,71,0,2.0,RU,1699125572
434,lagoa santa,-19.6272,-43.8897,304.18,54,75,3.09,BR,1699125572
435,bijie,27.3125,105.2942,286.27,94,42,2.25,CN,1699125572
436,visby,57.6409,18.296,280.83,93,75,8.23,SE,1699125573
437,maneromango,-7.1988,38.7848,294.79,96,86,1.85,TZ,1699125573
438,marvejols,44.5538,3.2914,280.51,98,100,0.45,FR,1699125573
439,hovd,48.0056,91.6419,270.37,38,64,0.8,MN,1699125573
440,ta'if,21.2703,40.4158,292.71,56,0,0.95,SA,1699125573
441,kampene,-3.6,26.6667,293.75,98,100,1.2,CD,1699125573
442,kone,-21.0595,164.8658,292.89,85,100,2.0,NC,1699125574
443,toliara,-23.35,43.6667,299.54,55,82,6.96,MG,1699125574
444,port saint john's,-31.6229,29.5448,292.42,90,95,2.33,ZA,1699125574
445,gisborne,-38.6533,178.0042,287.35,73,100,1.91,NZ,1699125574
446,save,8.0425,2.486,302.69,58,100,2.58,BJ,1699125575
447,green river,41.5286,-109.4662,287.37,46,24,1.34,US,1699125575
448,talara,-4.5772,-81.2719,299.57,61,0,7.2,PE,1699125575
449,las margaritas,16.3167,-91.9833,289.92,96,100,1.96,MX,1699125575
450,phang nga,8.4509,98.5298,298.17,92,87,1.09,TH,1699125576
451,gereida,11.2811,25.1414,303.53,25,100,2.27,SD,1699125576
452,malindi,-3.2175,40.1191,299.3,85,91,6.15,KE,1699125576
453,kamyzyak,46.11,48.0736,283.16,87,0,3.0,RU,1699125576
454,fort saskatchewan,53.7168,-113.2187,280.51,70,100,2.57,CA,1699125576
455,fada,9.5667,8.3,296.88,72,98,0.65,NG,1699125577
456,soeng sang,14.4264,102.4606,296.72,91,100,1.59,TH,1699125577
457,tocopilla,-22.092,-70.1979,293.22,66,21,4.05,CL,1699125577
458,biryusinsk,55.9634,97.8235,264.8,82,100,2.38,RU,1699125577
459,weihai,37.5017,122.1136,289.09,63,70,5.87,CN,1699125577
460,gizo,-8.103,156.8419,300.31,79,100,2.43,SB,1699125578
461,north bend,43.4065,-124.2243,290.85,94,100,6.17,US,1699125578
462,boa vista,2.8197,-60.6733,308.14,41,40,4.12,BR,1699125433
463,luis moya,22.4324,-102.2486,296.64,23,11,5.48,MX,1699125578
464,san juan,-31.5375,-68.5364,302.83,12,0,7.1,AR,1699125419
465,ironwood,46.4547,-90.171,278.34,52,100,5.14,US,1699125579
466,nepomuceno,-21.2358,-45.2358,299.53,59,100,6.35,BR,1699125579
467,sao gabriel da cachoeira,-0.1303,-67.0892,302.58,71,94,1.57,BR,1699125579
468,krasnovishersk,60.4078,57.082,268.55,98,100,1.18,RU,1699125580
469,west bay,19.3667,-81.4167,305.19,78,20,6.17,KY,1699125580
470,ust'-kut,56.7938,105.7672,258.95,75,57,1.79,RU,1699125580
471,songjianghe,42.1859,127.479,276.74,84,100,2.06,CN,1699125580
472,gampola,7.1643,80.5696,294.87,98,100,0.48,LK,1699125581
473,pamekasan,-7.1568,113.4746,300.81,76,100,3.74,ID,1699125581
474,walvis bay,-22.9575,14.5053,290.42,75,0,5.77,NA,1699125581
475,'ain el bell,34.3438,3.2247,289.92,41,5,2.96,DZ,1699125581
476,xilin hot,43.9667,116.0333,278.84,44,100,3.36,CN,1699125581
477,ghormach,35.7306,63.7826,290.93,36,47,1.02,AF,1699125480
478,badr hunayn,23.7829,38.7905,303.74,56,0,1.4,SA,1699125582
479,yaren,-0.5472,166.916,301.24,77,100,2.68,NR,1699125582
480,aden,12.7794,45.0367,300.67,73,28,5.41,YE,1699125582
481,paradip garh,20.3167,86.6167,299.0,79,100,0.52,IN,1699125582
482,yurty,56.0498,97.6348,265.07,80,100,2.41,RU,1699125583
483,bothaville,-27.3887,26.617,290.45,63,100,2.61,ZA,1699125583
484,la ronge,55.1001,-105.2842,269.29,86,100,5.14,CA,1699125583
485,norfolk,42.1668,-71.2495,289.9,47,100,2.03,US,1699125372
486,rumbek,6.802,29.6912,296.2,88,62,1.92,SS,1699125583
487,quellon,-43.1167,-73.6167,283.26,97,100,3.16,CL,1699125408
488,leoben,47.3461,15.1257,276.4,87,100,1.59,AT,1699125583
489,alakurtti,66.9672,30.3491,270.03,91,100,7.06,RU,1699125584
490,alzamay,55.5562,98.6644,264.03,88,100,2.11,RU,1699125584
491,zhanaozen,43.3,52.8,289.13,38,97,3.01,KZ,1699125584
492,sturgeon bay,44.8342,-87.377,281.14,57,0,2.57,US,1699125495
493,gasa,31.5,34.4667,297.22,68,0,4.3,PS,1699125584
494,at taj,24.2049,23.2857,296.58,22,0,3.25,LY,1699125584
495,zemio,5.0314,25.1361,293.63,98,100,0.74,CF,1699125584
496,fedorovskiy,45.0972,40.9517,287.26,78,69,5.05,RU,1699125584
497,tamanrasset,22.785,5.5228,296.1,13,0,2.06,DZ,1699125585
498,yulinshi,38.2906,109.7494,281.16,77,100,2.65,CN,1699125585
499,illapel,-31.6308,-71.1653,294.64,48,0,4.61,CL,1699125585
500,page,36.9147,-111.4558,289.03,18,0,2.57,US,1699125419
501,asasa,7.1,39.2,286.61,95,100,1.04,ET,1699125585
502,palembang,-2.9167,104.7458,297.2,94,40,1.54,ID,1699125585
503,george town,5.4112,100.3354,300.11,87,20,1.54,MY,1699125395
504,aguas vermelhas,-15.7472,-41.46,303.35,44,100,1.16,BR,1699125586
505,mil'kovo,55.6078,37.7956,278.48,90,100,5.92,RU,1699125586
506,cape coast,5.1053,-1.2466,299.78,88,49,5.44,GH,1699125586
507,tamiahua,21.2667,-97.45,299.38,66,99,3.01,MX,1699125586
508,marshfield,44.6689,-90.1718,281.17,53,0,0.0,US,1699125379
509,togur,58.3631,82.8265,271.01,95,100,6.26,RU,1699125586
510,kikwit,-5.041,18.8162,295.96,93,10,0.83,CD,1699125587
511,cadale,2.7603,46.3222,300.96,75,100,3.2,SO,1699125587
512,greymouth,-42.4667,171.2,283.25,89,97,2.24,NZ,1699125587
513,vilcun,-38.65,-72.2333,287.56,38,84,3.17,CL,1699125587
514,jeddah,21.5169,39.2192,303.07,58,0,1.54,SA,1699125397
515,bikenibeu village,1.3673,173.1241,301.13,78,75,0.51,KI,1699125587
516,hadithah,34.1397,42.3781,295.26,51,0,2.48,IQ,1699125587
517,nadi,-17.8,177.4167,299.15,78,20,3.09,FJ,1699125518
518,tammela,60.8104,23.7682,280.48,90,100,8.7,FI,1699125588
519,tarawa,1.419,172.984,301.2,78,75,0.51,KI,1699125588
520,lewiston orchards,46.3804,-116.9754,287.18,80,100,3.6,US,1699125588
521,oroqen zizhiqi,50.5667,123.7167,257.15,96,67,0.94,CN,1699125588
522,madang,-5.2246,145.7966,297.68,92,100,2.15,PG,1699125588
523,recani,31.2846,-4.2688,297.33,19,0,1.81,MA,1699125588
524,callaway,30.153,-85.5699,300.32,43,0,2.57,US,1699125589
525,salinopolis,-0.6136,-47.3561,302.55,68,39,5.88,BR,1699125589
526,tomatlan,19.9333,-105.25,305.73,56,5,3.22,MX,1699125589
527,pacific grove,36.6177,-121.9166,298.92,56,0,2.06,US,1699125436
528,spencer,43.1414,-95.1444,286.24,53,0,3.09,US,1699125589
529,pontianak,-0.0333,109.3333,298.14,94,20,1.03,ID,1699125589
530,kaoma,-14.7833,24.8,298.36,34,78,1.19,ZM,1699125589
531,xingtai,37.0631,114.4942,284.53,86,100,7.62,CN,1699125590
532,benguela,-12.5763,13.4055,298.64,79,100,2.78,AO,1699125590
533,altamont,42.2068,-121.7372,291.15,67,20,6.69,US,1699125590
